seed_url,url,title
https://www.blacksburg.gov/home,https://www.blacksburg.gov/home,"blacksburg, va | home"
https://www.blacksburg.gov/home,https://www.blacksburg.gov/residents/parks-and-recreation/greenways,"parks and trails | blacksburg, va"
https://www.blacksburg.gov/home,https://www.blacksburg.gov/departments/related-links/facilities-and-parks-directory,"facilities and parks directory  | blacksburg, va"
https://www.blacksburg.gov/home,https://www.golfthehill.com/,"blacksburg muni gc – blacksburg, va"
https://www.blacksburg.gov/home,https://www.blacksburg.gov/Home/Components/FacilityDirectory/FacilityDirectory/50/2512,"dog park | facilities and parks directory  | blacksburg, va"
https://www.blacksburg.gov/home,https://www.blacksburg.gov/departments/departments-l-z/parks-and-recreation/community-center,"community center | blacksburg, va"
https://www.blacksburg.gov/home,https://www.blacksburg.gov/departments/departments-l-z/parks-and-recreation/aquatic-center,"aquatic center | blacksburg, va"
https://www.blacksburg.gov/home,https://www.blacksburg.gov/departments/departments-l-z/parks-and-recreation/active-adults,"active adults activities | blacksburg, va"
https://www.blacksburg.gov/home,https://www.blacksburg.gov/departments/departments-l-z/parks-and-recreation/programs,"programs | blacksburg, va"
https://www.blacksburg.gov/home,https://www.blacksburg.gov/community/privacy-policy-and-disclaimer,"privacy policy and disclaimer | blacksburg, va"
https://www.blacksburg.gov/home,https://www.blacksburg.gov/community/link-policy-and-disclaimer,"link policy and disclaimer | blacksburg, va"
https://www.blacksburg.gov/home,https://www.blacksburg.gov/community/site-map,"site map | blacksburg, va"
https://www.blacksburg.gov/home,https://www.blacksburg.gov/Home/Components/Calendar/Event/68347/321?backlist=%2fhome,"blacksburg farmers market | calendar | blacksburg, va"
https://www.blacksburg.gov/home,https://www.blacksburg.gov/Home/Components/Calendar/Event/68252/321?backlist=%2fhome,"town council meeting | calendar | blacksburg, va"
https://www.blacksburg.gov/home,https://library.municode.com/va/blacksburg/codes/code_of_ordinances,"code of ordinances | blacksburg, va | municode library"
https://www.blacksburg.gov/home,https://www.blacksburg.gov/Home/Components/Calendar/Event/68364/321?backlist=%2fhome,"historic or design review board (hdrb) | calendar | blacksburg, va"
https://www.blacksburg.gov/home,https://www.blacksburg.gov/Home/Components/News/News/11984/304?backlist=%2fhome,"refuse and recycling collection delay for southeast quadrant: january 26 | latest news | blacksburg, va"
https://www.blacksburg.gov/home,https://www.blacksburg.gov/Home/Components/News/News/11986/304?backlist=%2fhome,"town of blacksburg hours: january 27 | latest news | blacksburg, va"
https://www.blacksburg.gov/home,https://www.blacksburg.gov/Home/Components/News/News/11988/304?backlist=%2fhome,"refuse and recycling collection delay for northwest quadrant: january 27 | latest news | blacksburg, va"
https://www.blacksburg.gov/home,https://www.blacksburg.gov/Home/Components/News/News/11970/304#!/,"update on interim appointments to blacksburg town council | latest news | blacksburg, va"
https://www.blacksburg.gov/home,https://www.blacksburg.gov/departments/departments-a-k/financial-services/utility-service,"utility service | blacksburg, va"
https://www.blacksburg.gov/home,https://www.blacksburg.gov/town-council,"town council | blacksburg, va"
https://www.blacksburg.gov/home,https://www.blacksburg.gov/departments/departments-l-z/town-attorney/freedom-of-information-act-foia#how,"freedom of information act (foia) | blacksburg, va"
https://www.blacksburg.gov/home,https://tobmaps.blacksburg.gov/portal/apps/experiencebuilder/experience/?id=1d0fc3e138574dda9731fcc5d128bca1,experience
https://www.blacksburg.gov/home,https://www.blacksburg.gov/residents/getting-around/downtown-parking,"downtown parking  | blacksburg, va"
https://www.blacksburg.gov/home,https://www.blacksburg.gov/departments/departments-l-z/parks-and-recreation,"parks and recreation | blacksburg, va"
https://www.blacksburg.gov/home,https://www.blacksburg.gov/departments/departments-l-z/public-works/refuse-and-recycling,"refuse and recycling | blacksburg, va"
https://www.blacksburg.gov/home,https://ridebt.org/,blacksburg transit
https://www.blacksburg.gov/home,https://www.blacksburg.gov/departments/departments-a-k/financial-services/online-payments,"make a payment | blacksburg, va"
https://www.blacksburg.gov/home,https://www.blacksburg.gov/departments/departments-a-k/community-relations/media-center,"media center | blacksburg, va"
https://www.blacksburg.gov/home,https://www.blacksburg.gov/departments/departments-l-z/parks-and-recreation/programs,"programs | blacksburg, va"
https://www.blacksburg.gov/home,https://www.blacksburg.gov/departments/departments-l-z/public-works/snow-removal,"snow removal | blacksburg, va"
https://www.blacksburg.gov/home,https://www.blacksburgrescue.org/,blacksburg volunteer rescue squad
https://www.blacksburg.gov/home,https://blacksburgfire.org/,blacksburg volunteer fire department
https://www.blacksburg.gov/home,https://www.blacksburg.gov/town-council/get-involved/council-appointed-boards-and-committees,"council appointed boards and committees | blacksburg, va"
https://www.blacksburg.gov/home,https://www.blacksburg.gov/departments/departments-a-k/community-relations/citizens-institute,"citizens institute | blacksburg, va"
https://www.blacksburg.gov/home,https://www.blacksburg.gov/town-council/get-involved,"get involved | blacksburg, va"
https://www.blacksburg.gov/home,https://www.blacksburg.gov/town-council/meetings/public-hearings/archived-public-hearings,"archived public hearings | blacksburg, va"
https://www.blacksburg.gov/home,https://www.blacksburg.gov/town-council/meetings/public-hearings,"public hearings  | blacksburg, va"
https://www.blacksburg.gov/home,http://weblink.mccinnovations.com/WebLink/?dbid=2,wlclients-a-j - laserfiche weblink
https://www.blacksburg.gov/home,https://www.blacksburg.gov/town-council/get-involved/council-appointed-boards-and-committees/planning-commission,"planning commission | blacksburg, va"
https://www.blacksburg.gov/home,https://www.blacksburg.gov/town-council/meetings/making-a-presentation-to-town-council-or-planning-commission,"making a presentation to town council or planning commission | blacksburg, va"
https://www.blacksburg.gov/home,https://www.blacksburg.gov/town-council/meetings/planning-commission-meeting-agendas-videos-and-minutes,"planning commission meeting agendas, videos, and minutes | blacksburg, va"
https://www.blacksburg.gov/home,https://www.blacksburg.gov/town-council/meetings/work-session-agendas-minutes,"work session agendas & minutes  | blacksburg, va"
https://www.blacksburg.gov/home,https://www.blacksburg.gov/town-council/meetings/meeting-agendas-videos-and-minutes/town-council-meeting-agendas-videos-and-minutes,"town council  meeting agendas, videos, and minutes | blacksburg, va"
https://www.blacksburg.gov/home,https://www.blacksburg.gov/town-council/meetings,"meetings | blacksburg, va"
https://www.blacksburg.gov/home,https://www.blacksburg.gov/town-council/town-council/contact-us,"contact us | blacksburg, va"
https://www.blacksburg.gov/home,https://www.blacksburg.gov/departments/departments-l-z/town-attorney/freedom-of-information-act-foia,"freedom of information act (foia) | blacksburg, va"
https://www.blacksburg.gov/home,https://library.municode.com/va/blacksburg/codes/code_of_ordinances,"code of ordinances | blacksburg, va | municode library"
https://www.blacksburg.gov/home,https://www.blacksburg.gov/town-council/town-council/voter-registration-and-elections,"voter registration and elections | blacksburg, va"
https://www.blacksburg.gov/home,https://www.blacksburg.gov/town-council/town-council/strategic-goals,"strategic goals | blacksburg, va"
https://www.blacksburg.gov/home,https://www.blacksburg.gov/town-council/town-council/biographies,"biographies | blacksburg, va"
https://www.blacksburg.gov/home,https://www.blacksburg.gov/town-council/town-council-2648,"town council | blacksburg, va"
https://www.blacksburg.gov/home,https://library.municode.com/va/blacksburg/codes/code_of_ordinances,"code of ordinances | blacksburg, va | municode library"
https://www.blacksburg.gov/home,https://www.blacksburg.gov/town-council/town-council-2648,"town council | blacksburg, va"
https://www.blacksburg.gov/home,https://www.blacksburg.gov/departments/departments-a-k/financial-services/online-payments,"make a payment | blacksburg, va"
https://www.blacksburg.gov/home,https://member.everbridge.net/453003085611857/new,
https://www.blacksburg.gov/home,http://www.tobweb.org/ayr/,
https://www.blacksburg.gov/home,https://www.blacksburg.gov/departments/related-links/facilities-and-parks-directory,"facilities and parks directory  | blacksburg, va"
https://www.blacksburg.gov/home,https://www.blacksburg.gov/town-council/get-involved/council-appointed-boards-and-committees,"council appointed boards and committees | blacksburg, va"
https://www.blacksburg.gov/home,https://www.blacksburg.gov/departments/related-links,"related links | blacksburg, va"
https://www.blacksburg.gov/home,https://www.blacksburgrescue.org/,blacksburg volunteer rescue squad
https://www.blacksburg.gov/home,https://blacksburgfire.org/,blacksburg volunteer fire department
https://www.blacksburg.gov/home,https://www.blacksburg.gov/departments/departments-l-z/town-manager,"town manager | blacksburg, va"
https://www.blacksburg.gov/home,https://www.blacksburg.gov/departments/departments-l-z/town-clerk,"town clerk | blacksburg, va"
https://www.blacksburg.gov/home,https://www.blacksburg.gov/departments/departments-l-z/town-attorney,"town attorney | blacksburg, va"
https://www.blacksburg.gov/home,https://www.blacksburg.gov/departments/departments-l-z/technology,"technology | blacksburg, va"
https://www.blacksburg.gov/home,https://www.blacksburg.gov/departments/departments-l-z/sustainability,"sustainability | blacksburg, va"
https://www.blacksburg.gov/home,https://www.blacksburg.gov/departments/departments-l-z/purchasing,"purchasing | blacksburg, va"
https://www.blacksburg.gov/home,https://www.blacksburg.gov/departments/departments-l-z/public-works,"public works | blacksburg, va"
https://www.blacksburg.gov/home,https://www.blacksburg.gov/departments/departments-l-z/planning-and-building,"planning and building | blacksburg, va"
https://www.blacksburg.gov/home,https://www.blacksburg.gov/departments/departments-l-z/parks-and-recreation,"parks and recreation | blacksburg, va"
https://www.blacksburg.gov/home,https://www.blacksburg.gov/departments/departments-l-z/police,"police | blacksburg, va"
https://www.blacksburg.gov/home,https://www.blacksburg.gov/departments/departments-l-z,"departments l-z | blacksburg, va"
https://www.blacksburg.gov/home,https://www.blacksburg.gov/departments/departments-a-k/human-resources,"human resources | blacksburg, va"
https://www.blacksburg.gov/home,https://www.blacksburg.gov/departments/departments-a-k/housing-and-neighborhood-services,"housing and community connections | blacksburg, va"
https://www.blacksburg.gov/home,https://www.blacksburg.gov/departments/departments-a-k/financial-services,"financial services | blacksburg, va"
https://www.blacksburg.gov/home,https://www.blacksburg.gov/departments/departments-a-k/engineering-and-gis,"engineering and gis | blacksburg, va"
https://www.blacksburg.gov/home,https://www.blacksburg.gov/departments/departments-a-k/community-relations,"community relations | blacksburg, va"
https://www.blacksburg.gov/home,https://www.blacksburg.gov/departments/departments-a-k,"departments a-k | blacksburg, va"
https://www.blacksburg.gov/home,https://www.blacksburg.gov/business/resources,"resources | blacksburg, va"
https://www.blacksburg.gov/home,https://www.yesmontgomeryva.org/,economic development home
https://www.blacksburg.gov/home,https://ridebt.org/,blacksburg transit
https://www.blacksburg.gov/home,https://nrvrc.org/,new river valley regional commission | nrvrc
https://www.blacksburg.gov/home,https://www.montgomerycc.org/,home - montgomery county chamber of commerce
https://www.blacksburg.gov/home,https://gotomontva.com/,go to town - montgomery county - va regional tourism office
https://www.blacksburg.gov/home,https://stepintoblacksburg.org/,"step into blacksburg - living and working in blacksburg, va"
https://www.blacksburg.gov/home,https://www.blacksburg.gov/business/resources,"resources | blacksburg, va"
https://www.blacksburg.gov/home,https://www.downtownblacksburg.com/,downtown blacksburg
https://www.blacksburg.gov/home,https://www.blacksburg.gov/departments/departments-a-k/homestay,"homestay | blacksburg, va"
https://www.blacksburg.gov/home,https://www.blacksburg.gov/business/starting-your-own-business/merchant-groups,"merchant groups | blacksburg, va"
https://www.blacksburg.gov/home,https://www.blacksburg.gov/departments/departments-l-z/planning-and-building/zoning,"zoning | blacksburg, va"
https://www.blacksburg.gov/home,https://www.blacksburg.gov/departments/departments-a-k/financial-services/taxes/tax-rates,"tax rates | blacksburg, va"
https://www.blacksburg.gov/home,https://www.blacksburg.gov/departments/departments-a-k/financial-services/business-licenses,"business licenses | blacksburg, va"
https://www.blacksburg.gov/home,https://www.blacksburg.gov/business/starting-your-own-business/where-to-start,"opening a business in downtown blacksburg | blacksburg, va"
https://www.blacksburg.gov/home,https://www.blacksburg.gov/business/starting-your-own-business,"starting your own business | blacksburg, va"
https://www.blacksburg.gov/home,https://www.blacksburg.gov/business/proposing-a-new-development-project/zoning,"zoning | blacksburg, va"
https://www.blacksburg.gov/home,https://www.blacksburg.gov/departments/departments-l-z/planning-and-building,"planning and building | blacksburg, va"
https://www.blacksburg.gov/home,https://library.municode.com/va/blacksburg/codes/code_of_ordinances,"code of ordinances | blacksburg, va | municode library"
https://www.blacksburg.gov/home,https://www.blacksburg.gov/business/proposing-a-new-development-project/development-application-process,"development application process | blacksburg, va"
https://www.blacksburg.gov/home,https://tobmaps.blacksburg.gov/portal/apps/webappviewer/index.html?id=5ca8847c8e4f4fe68120e9bb08e10840&extent=-8953849.9431%2C4470223.6431%2C-8949263.7214%2C4472366.2686%2C102100,arcgis web application
https://www.blacksburg.gov/home,https://www.blacksburg.gov/departments/departments-l-z/planning-and-building/comprehensive-plan,"comprehensive plan | blacksburg, va"
https://www.blacksburg.gov/home,https://www.blacksburg.gov/business/new-development,"new development | blacksburg, va"
https://www.blacksburg.gov/home,https://www.blacksburg.gov/departments/departments-a-k/community-relations/downtown-event-planning,"downtown event planning | blacksburg, va"
https://www.blacksburg.gov/home,https://www.blacksburg.gov/business/doing-business-with-the-town/downtown-fa-ade-improvement-program,"blacksburg spark: downtown façade improvement program | blacksburg, va"
https://www.blacksburg.gov/home,https://www.blacksburg.gov/business/doing-business-with-the-town/make-a-payment,"make a payment | blacksburg, va"
https://www.blacksburg.gov/home,http://www.tobweb.org/ayr/,
https://www.blacksburg.gov/home,https://www.blacksburg.gov/departments/departments-a-k/financial-services/vehicle-license-tax,"vehicle license tax | blacksburg, va"
https://www.blacksburg.gov/home,https://www.blacksburg.gov/business/doing-business-with-the-town/food-trucks,"food trucks | blacksburg, va"
https://www.blacksburg.gov/home,https://www.blacksburg.gov/departments/departments-l-z/purchasing/invitation-for-bids,"invitation for bids | blacksburg, va"
https://www.blacksburg.gov/home,https://www.blacksburg.gov/business/doing-business-with-the-town,"doing business with the town | blacksburg, va"
https://www.blacksburg.gov/home,https://www.governmentjobs.com/careers/blacksburg,job opportunities | current openings
https://www.blacksburg.gov/home,https://www.blacksburg.gov/residents/get-involved/voter-registration-and-elections,"voter registration and elections | blacksburg, va"
https://www.blacksburg.gov/home,https://library.municode.com/va/blacksburg/codes/code_of_ordinances,municode library
https://www.blacksburg.gov/home,http://www.tobweb.org/ayr/,
https://www.blacksburg.gov/home,https://blacksburgfire.org/,blacksburg volunteer fire department
https://www.blacksburg.gov/home,https://www.blacksburgrescue.org/,blacksburg volunteer rescue squad
https://www.blacksburg.gov/home,https://www.blacksburg.gov/departments/departments-a-k/community-relations/citizens-institute,"citizens institute | blacksburg, va"
https://www.blacksburg.gov/home,https://www.blacksburg.gov/town-council/get-involved/council-appointed-boards-and-committees,"council appointed boards and committees | blacksburg, va"
https://www.blacksburg.gov/home,https://www.blacksburg.gov/residents/get-involved,"get involved | blacksburg, va"
https://www.blacksburg.gov/home,https://www.blacksburg.gov/departments/departments-l-z/parks-and-recreation/programs,"programs | blacksburg, va"
https://www.blacksburg.gov/home,https://www.blacksburg.gov/departments/departments-l-z/parks-and-recreation/facilities,"facilities | blacksburg, va"
https://www.blacksburg.gov/home,https://www.blacksburg.gov/Home/Components/FacilityDirectory/FacilityDirectory/88/78,"huckleberry trail | facilities | blacksburg, va"
https://www.blacksburg.gov/home,https://recreation.blacksburg.gov/wbwsc/webtrac.wsc/SPLASH.html,3.1 web - splash
https://www.blacksburg.gov/home,https://www.blacksburg.gov/departments/departments-l-z/town-of-blacksburg-cemeteries,"cemeteries | blacksburg, va"
https://www.blacksburg.gov/home,https://www.blacksburg.gov/departments/departments-a-k/financial-services/vehicle-license-tax,"vehicle license tax | blacksburg, va"
https://www.blacksburg.gov/home,https://www.blacksburg.gov/departments/departments-a-k/financial-services/taxes,"taxes | blacksburg, va"
https://www.blacksburg.gov/home,https://www.blacksburg.gov/departments/departments-l-z/public-works/events-and-collection-services/spring-and-fall-cleanup,"spring and fall cleanup | blacksburg, va"
https://www.blacksburg.gov/home,https://www.blacksburg.gov/departments/departments-l-z/public-works/events-and-collection-services,"collection services | blacksburg, va"
https://www.blacksburg.gov/home,https://www.blacksburg.gov/departments/departments-l-z/public-works/refuse-and-recycling,"refuse and recycling | blacksburg, va"
https://www.blacksburg.gov/home,https://www.blacksburg.gov/departments/departments-a-k/financial-services/utility-service,"utility service | blacksburg, va"
https://www.blacksburg.gov/home,http://tobweb.org/ayr/,
https://www.blacksburg.gov/home,https://www.blacksburg.gov/departments/departments-a-k/financial-services/online-payments,"make a payment | blacksburg, va"
https://www.blacksburg.gov/home,https://www.blacksburg.gov/departments/departments-l-z/town-attorney/freedom-of-information-act-foia,"freedom of information act (foia) | blacksburg, va"
https://www.blacksburg.gov/home,https://www.blacksburg.gov/departments/departments-a-k/financial-services/dog-licenses,"dog licenses | blacksburg, va"
https://www.blacksburg.gov/home,https://www.blacksburg.gov/community/community-engagement/calendar-copy,"calendar | blacksburg, va"
https://www.blacksburg.gov/home,https://www.blacksburg.gov/departments/departments-l-z/town-manager/american-with-disabilities-act,"americans with disabilities act (ada) | blacksburg, va"
https://www.blacksburg.gov/home,https://www.blacksburg.gov/residents/services,"services | blacksburg, va"
https://www.blacksburg.gov/home,https://www.blacksburg.gov/departments/departments-l-z/police/towing,"towing  | blacksburg, va"
https://www.blacksburg.gov/home,https://www.blacksburg.gov/departments/departments-l-z/police/parking-tickets,"parking tickets | blacksburg, va"
https://www.blacksburg.gov/home,https://www.blacksburg.gov/residents/getting-around/parking/on-street-parking-permits,"on-street parking permits | blacksburg, va"
https://www.blacksburg.gov/home,https://www.blacksburg.gov/residents/getting-around/parking/accessible-parking,"accessible parking | blacksburg, va"
https://www.blacksburg.gov/home,https://www.blacksburg.gov/residents/getting-around/downtown-parking,"downtown parking  | blacksburg, va"
https://www.blacksburg.gov/home,https://www.blacksburg.gov/residents/getting-around/biking,"biking | blacksburg, va"
https://www.blacksburg.gov/home,https://ridebt.org/,blacksburg transit
https://www.blacksburg.gov/home,https://www.blacksburg.gov/residents/getting-around,"getting around | blacksburg, va"
https://www.blacksburg.gov/home,https://www.blacksburg.gov/residents/public-safety/black-bears,"when black bears are your neighbors | blacksburg, va"
https://www.blacksburg.gov/home,https://www.blacksburgrescue.org/,blacksburg volunteer rescue squad
https://www.blacksburg.gov/home,https://blacksburgfire.org/,blacksburg volunteer fire department
https://www.blacksburg.gov/home,https://www.blacksburg.gov/departments/departments-l-z/police,"police | blacksburg, va"
https://www.blacksburg.gov/home,https://www.blacksburg.gov/departments/departments-a-k/community-relations/town-of-blacksburg-information-for-inclement-weather,"inclement weather information | blacksburg, va"
https://www.blacksburg.gov/home,https://www.blacksburg.gov/residents/public-safety/emergency-preparedness,"emergency preparedness | blacksburg, va"
https://www.blacksburg.gov/home,https://www.blacksburg.gov/residents/public-safety,"public health and safety | blacksburg, va"
https://www.blacksburg.gov/home,https://www.blacksburg.gov/residents/new-residents/new-residents,"new residents | blacksburg, va"
https://www.blacksburg.gov/home,https://www.blacksburg.gov/residents/new-residents/students-living-off-campus,"students living off campus | blacksburg, va"
https://www.blacksburg.gov/home,https://www.blacksburg.gov/residents/new-residents,"new residents | blacksburg, va"
https://www.blacksburg.gov/home,https://www.blacksburg.gov/town-council/town-council/contact-us,"contact us | blacksburg, va"
https://www.blacksburg.gov/home,https://www.blacksburg.gov/departments/departments-a-k/community-relations/media-center,"media center | blacksburg, va"
https://www.blacksburg.gov/home,https://www.blacksburg.gov/departments/departments-l-z/town-attorney/freedom-of-information-act-foia,"freedom of information act (foia) | blacksburg, va"
https://www.blacksburg.gov/home,http://www.tobweb.org/ayr/,
https://www.blacksburg.gov/home,https://www.blacksburg.gov/community/contact,"contact | blacksburg, va"
https://www.blacksburg.gov/home,http://tobweb.org/ayr/,
https://www.blacksburg.gov/home,https://www.blacksburg.gov/community/community-engagement/latest-news,"latest news | blacksburg, va"
https://www.blacksburg.gov/home,https://letstalkblacksburg.org/,let's talk blacksburg
https://www.blacksburg.gov/home,http://www.tobweb.org/ayr/,
https://www.blacksburg.gov/home,https://www.blacksburg.gov/departments/departments-l-z/police/citizens-police-academy,"citizens police academy | blacksburg, va"
https://www.blacksburg.gov/home,https://www.blacksburg.gov/departments/departments-a-k/community-relations/citizens-institute,"citizens institute | blacksburg, va"
https://www.blacksburg.gov/home,https://www.blacksburg.gov/community/community-engagement/calendar,"calendar | blacksburg, va"
https://www.blacksburg.gov/home,https://www.blacksburg.gov/departments/departments-l-z/town-manager/american-with-disabilities-act,"americans with disabilities act (ada) | blacksburg, va"
https://www.blacksburg.gov/home,https://www.blacksburg.gov/departments/departments-l-z/parks-and-recreation/programs,"programs | blacksburg, va"
https://www.blacksburg.gov/home,https://www.blacksburg.gov/community/community-engagement,"community engagement | blacksburg, va"
https://www.blacksburg.gov/home,https://www.blacksburg.gov/community/local-attractions/shopping-and-dining,"shopping and dining | blacksburg, va"
https://www.blacksburg.gov/home,https://www.blacksburg.gov/community/arts-and-culture/blacksburg-museum-and-cultural-foundation/st-luke-and-odd-fellows-hall,"st. luke and odd fellows hall | blacksburg, va"
https://www.blacksburg.gov/home,https://www.vt.edu/,home | virginia tech
https://www.blacksburg.gov/home,https://seedskids.org/,children natural education program %%page%% %%sep%% %%sitename%%
https://www.blacksburg.gov/home,https://www.blacksburg.gov/Home/Components/FacilityDirectory/FacilityDirectory/88/78,"huckleberry trail | facilities | blacksburg, va"
https://www.blacksburg.gov/home,https://www.thelyric.com/,the lyric theatre – experience the lyric
https://www.blacksburg.gov/home,https://www.golfthehill.com/,"blacksburg muni gc – blacksburg, va"
https://www.blacksburg.gov/home,https://www.blacksburgfarmersmarket.com/,blacksburg farmer's market
https://www.blacksburg.gov/home,https://www.blacksburg.gov/community/arts-and-culture/blacksburg-museum-and-cultural-foundation/alexander-black-house,"alexander black house | blacksburg, va"
https://www.blacksburg.gov/home,https://www.blacksburg.gov/community/local-attractions,"local attractions | blacksburg, va"
https://www.blacksburg.gov/home,https://www.blacksburg.gov/departments/departments-l-z/parks-and-recreation/holiday-events,"special events | blacksburg, va"
https://www.blacksburg.gov/home,https://www.historicsmithfield.org/,smithfield
https://www.blacksburg.gov/home,https://www.blacksburg.gov/departments/departments-a-k/community-relations/sidewalk-stage,"sidewalk stage | blacksburg, va"
https://www.blacksburg.gov/home,https://www.blacksburg.gov/departments/departments-a-k/community-relations/market-square-jam,"market square jam | blacksburg, va"
https://www.blacksburg.gov/home,https://artscenter.vt.edu/index.html,home  | center for the arts | virginia tech
https://www.blacksburg.gov/home,https://www.blacksburg.gov/community/arts-and-culture/blacksburg-museum-and-cultural-foundation,"blacksburg museum and cultural foundation  | blacksburg, va"
https://www.blacksburg.gov/home,https://www.blacksburg.gov/community/arts-and-culture/arts-and-cultural-district-incentive-zones,"arts and cultural district incentive zones | blacksburg, va"
https://www.blacksburg.gov/home,https://www.blacksburg.gov/community/arts-and-culture,"arts and culture | blacksburg, va"
https://www.blacksburg.gov/home,https://gotomontva.com/,go to town - montgomery county - va regional tourism office
https://www.blacksburg.gov/home,https://www.blacksburg.gov/community/community-profile/libraries,"libraries | blacksburg, va"
https://www.blacksburg.gov/home,https://www.blacksburg.gov/community/community-profile/housing,"housing | blacksburg, va"
https://www.blacksburg.gov/home,https://www.blacksburg.gov/community/community-profile/hospitals,"hospitals | blacksburg, va"
https://www.blacksburg.gov/home,https://www.blacksburg.gov/community/community-profile/history,"history | blacksburg, va"
https://www.blacksburg.gov/home,https://www.blacksburg.gov/community/community-profile/education,"education | blacksburg, va"
https://www.blacksburg.gov/home,https://www.blacksburg.gov/community/community-profile/demographics,"demographics | blacksburg, va"
https://www.blacksburg.gov/home,https://www.blacksburg.gov/community/community-profile/airports,"airports | blacksburg, va"
https://www.blacksburg.gov/home,https://www.blacksburg.gov/community/community-profile,"community profile | blacksburg, va"
https://www.blacksburg.gov/home,https://www.blacksburg.gov/departments/departments-a-k/financial-services/budget-and-reports,"budget and reports | blacksburg, va"
https://www.blacksburg.gov/home,https://www.blacksburg.gov/community/town-government/department-directors,"department directors | blacksburg, va"
https://www.blacksburg.gov/home,https://www.blacksburg.gov/town-council/get-involved/council-appointed-boards-and-committees,"council appointed boards and committees | blacksburg, va"
https://www.blacksburg.gov/home,https://www.blacksburg.gov/town-council/meetings/public-hearings,"public hearings  | blacksburg, va"
https://www.blacksburg.gov/home,https://www.blacksburg.gov/departments/departments-l-z/town-manager,"town manager | blacksburg, va"
https://www.blacksburg.gov/home,https://www.blacksburg.gov/town-council,"town council | blacksburg, va"
https://www.blacksburg.gov/home,https://www.blacksburg.gov/community/town-government/welcome,"welcome | blacksburg, va"
https://www.blacksburg.gov/home,https://www.blacksburg.gov/community/town-government,"town government | blacksburg, va"
https://www.blacksburg.gov/home,https://www.blacksburg.gov/town-council,"town council | blacksburg, va"
https://www.blacksburg.gov/home,https://www.blacksburg.gov/departments,"departments | blacksburg, va"
https://www.blacksburg.gov/home,https://www.blacksburg.gov/business,"business | blacksburg, va"
https://www.blacksburg.gov/home,https://www.blacksburg.gov/residents,"residents | blacksburg, va"
https://www.blacksburg.gov/home,https://www.blacksburg.gov/community/community-profile,"community profile | blacksburg, va"
seed_url,url,title
https://www.blacksburg.gov/home,https://www.blacksburg.gov/home,"blacksburg, va | home"
https://www.blacksburg.gov/home,https://www.blacksburg.gov/residents/parks-and-recreation/greenways,"parks and trails | blacksburg, va"
https://www.blacksburg.gov/home,https://www.golfthehill.com/,"blacksburg muni gc – blacksburg, va"
https://www.blacksburg.gov/home,https://www.blacksburg.gov/departments/related-links/facilities-and-parks-directory,"facilities and parks directory  | blacksburg, va"
https://www.blacksburg.gov/home,https://www.blacksburg.gov/Home/Components/FacilityDirectory/FacilityDirectory/50/2512,"dog park | facilities and parks directory  | blacksburg, va"
https://www.blacksburg.gov/home,https://www.blacksburg.gov/departments/departments-l-z/parks-and-recreation/community-center,"community center | blacksburg, va"
https://www.blacksburg.gov/home,https://www.blacksburg.gov/departments/departments-l-z/parks-and-recreation/aquatic-center,"aquatic center | blacksburg, va"
https://www.blacksburg.gov/home,https://www.blacksburg.gov/departments/departments-l-z/parks-and-recreation/active-adults,"active adults activities | blacksburg, va"
https://www.blacksburg.gov/home,https://www.blacksburg.gov/departments/departments-l-z/parks-and-recreation/programs,"programs | blacksburg, va"
https://www.blacksburg.gov/home,https://www.blacksburg.gov/community/privacy-policy-and-disclaimer,"privacy policy and disclaimer | blacksburg, va"
https://www.blacksburg.gov/home,https://www.blacksburg.gov/Home/Components/FacilityDirectory/FacilityDirectory/68/566,"shenandoah bike trail and park | parks and trails | blacksburg, va"
https://www.blacksburg.gov/home,https://www.blacksburg.gov/departments/related-links/facilities-and-parks-directory/-npage-3,"facilities and parks directory  | blacksburg, va"
https://www.blacksburg.gov/home,https://www.blacksburg.gov/Home/Components/FacilityDirectory/FacilityDirectory/62/566,"nellies cave | parks and trails | blacksburg, va"
https://www.blacksburg.gov/home,https://www.blacksburg.gov/departments/related-links/facilities-and-parks-directory/-npage-2,"facilities and parks directory  | blacksburg, va"
https://www.blacksburg.gov/home,https://www.blacksburg.gov/Home/Components/FacilityDirectory/FacilityDirectory/34/2512,"fire station #2 | facilities and parks directory  | blacksburg, va"
https://www.blacksburg.gov/home,https://www.blacksburg.gov/,"blacksburg, va | home"
https://www.blacksburg.gov/home,https://www.blacksburg.gov/Home/Components/FacilityDirectory/FacilityDirectory/78/2512?npage=3,wong park
https://www.blacksburg.gov/home,https://www.blacksburg.gov/Home/Components/FacilityDirectory/FacilityDirectory/76/2512?npage=3,"westover park | facilities and parks directory  | blacksburg, va"
https://www.blacksburg.gov/home,https://www.blacksburg.gov/Home/Components/FacilityDirectory/FacilityDirectory/74/2512?npage=3,"toms creek park and softball field | facilities and parks directory  | blacksburg, va"
https://www.blacksburg.gov/home,https://www.blacksburg.gov/Home/Components/FacilityDirectory/FacilityDirectory/38/2512?npage=2,"public works building | facilities and parks directory  | blacksburg, va"
https://www.blacksburg.gov/home,https://www.blacksburg.gov/Home/Components/FacilityDirectory/FacilityDirectory/66/2512?npage=2,"primrose lane park | facilities and parks directory  | blacksburg, va"
https://www.blacksburg.gov/home,https://www.blacksburg.gov/Home/Components/FacilityDirectory/FacilityDirectory/28/2512?npage=2,"price house nature center | facilities and parks directory  | blacksburg, va"
https://www.blacksburg.gov/home,https://www.blacksburg.gov/Home/Components/FacilityDirectory/FacilityDirectory/24/2512?npage=2,parks and recreation administrative offices
https://www.blacksburg.gov/home,https://www.blacksburg.gov/Home/Components/Calendar/Event/68347/321?backlist=%2f,"blacksburg farmers market | calendar | blacksburg, va"
https://www.blacksburg.gov/home,https://www.blacksburg.gov/Home/Components/FacilityDirectory/FacilityDirectory/64/2512?npage=2,"owens street park | facilities and parks directory  | blacksburg, va"
https://www.blacksburg.gov/home,https://www.blacksburg.gov/Home/Components/Calendar/Event/68252/321?backlist=%2f,"town council meeting | calendar | blacksburg, va"
https://www.blacksburg.gov/home,https://www.blacksburg.gov/Home/Components/RssFeeds/RssFeed/View?id=2,"events rss feed - blacksburg, va"
https://www.blacksburg.gov/home,https://www.blacksburg.gov/Home/Components/Calendar/Event/68364/321?backlist=%2f,"historic or design review board (hdrb) | calendar | blacksburg, va"
https://www.blacksburg.gov/home,https://www.blacksburg.gov/Home/Components/News/News/11984/304?backlist=%2f,"refuse and recycling collection delay for southeast quadrant: january 26 | latest news | blacksburg, va"
https://www.blacksburg.gov/home,https://www.blacksburg.gov/Home/Components/News/News/11986/304?backlist=%2f,"town of blacksburg hours: january 27 | latest news | blacksburg, va"
https://www.blacksburg.gov/home,https://www.blacksburg.gov/Home/Components/News/News/11988/304?backlist=%2f,"refuse and recycling collection delay for northwest quadrant: january 27 | latest news | blacksburg, va"
https://www.blacksburg.gov/home,https://www.blacksburg.gov/Home/Components/Calendar/Event/ICalendar?ID=68347&IsPublished=True,
https://www.blacksburg.gov/home,https://www.blacksburg.gov/Home/Components/Calendar/Event/ICalendar?ID=68252&IsPublished=True,
https://www.blacksburg.gov/home,https://www.blacksburg.gov/?fbclid=IwZXh0bgNhZW0CMTAAYnJpZBExMExKOG9id1RJcFVDOGJ1QXNydGMGYXBwX2lkEDIyMjAzOTE3ODgyMDA4OTIAAR7VsTGIBPbm4M6hpLqbM8857iG0emVmP1zMblYqrtGo0r5RmU6kxg3F7uh8rQ_aem_Pui75aTxjyeEgkhW9W8bAQ,"blacksburg, va | home"
https://www.blacksburg.gov/home,https://www.blacksburg.gov/residents/getting-around/downtown-parking,"downtown parking  | blacksburg, va"
https://www.blacksburg.gov/home,https://tobmaps.blacksburg.gov/portal/apps/experiencebuilder/experience/?id=1d0fc3e138574dda9731fcc5d128bca1,experience
https://www.blacksburg.gov/home,https://www.blacksburg.gov/town-council/get-involved/council-appointed-boards-and-committees/historic-or-design-review-board,"historic or design review board | blacksburg, va"
https://www.blacksburg.gov/home,https://www.blacksburg.gov/community/arts-and-culture/blacksburg-museum-and-cultural-foundation/st-luke-and-odd-fellows-hall,"st. luke and odd fellows hall | blacksburg, va"
https://www.blacksburg.gov/home,https://www.blacksburg.gov/community/arts-and-culture/blacksburg-museum-and-cultural-foundation/alexander-black-house,"alexander black house | blacksburg, va"
https://www.blacksburg.gov/home,http://tobweb.org/WalkingTour/,map tour
https://www.blacksburg.gov/home,https://www.blacksburg.gov/Home/Components/Calendar/Event/68347/321?backlist=%2f%3ffbclid%3dIwZXh0bgNhZW0CMTAAYnJpZBExMExKOG9id1RJcFVDOGJ1QXNydGMGYXBwX2lkEDIyMjAzOTE3ODgyMDA4OTIAAR7VsTGIBPbm4M6hpLqbM8857iG0emVmP1zMblYqrtGo0r5RmU6kxg3F7uh8rQ_aem_Pui75aTxjyeEgkhW9W8bAQ,"blacksburg farmers market | calendar | blacksburg, va"
https://www.blacksburg.gov/home,https://www.blacksburg.gov/departments/departments-l-z/parks-and-recreation/facilities,"facilities | blacksburg, va"
https://www.blacksburg.gov/home,https://www.blacksburg.gov/community/arts-and-culture/blacksburg-museum-and-cultural-foundation/alexander-black-house/the-relocation-of-the-alexander-black-house,"the relocation of the alexander black house | blacksburg, va"
https://www.blacksburg.gov/home,https://www.blacksburg.gov/community/arts-and-culture/blacksburg-museum-and-cultural-foundation/alexander-black-house/pictures-of-the-move,"pictures of the move | blacksburg, va"
https://www.blacksburg.gov/home,https://www.blacksburg.gov/town-council/get-involved/council-appointed-boards-and-committees/blacksburg-public-arts-committee,"blacksburg public arts committee | blacksburg, va"
https://www.blacksburg.gov/home,https://www.blacksburg.gov/departments/departments-a-k/engineering-and-gis/stormwater,"stormwater | blacksburg, va"
seed_url,url,title
https://www.blacksburg.gov/home,https://www.blacksburg.gov/Home/Components/News/News/11586/304?arch=1&npage=7,"public service recognition week 2025: department spotlight | latest news | blacksburg, va"
https://www.blacksburg.gov/home,https://www.blacksburg.gov/Home/Components/News/News/11202/304?arch=1&npage=16,"boil water faqs | latest news | blacksburg, va"
https://www.blacksburg.gov/home,https://www.blacksburg.gov/Home/Components/News/News/11244/304?arch=1&npage=16,"boil water advisory lifted for town of blacksburg and virginia tech | latest news | blacksburg, va"
https://www.blacksburg.gov/home,https://www.blacksburg.gov/Home/Components/News/News/11200/304?backlist=%2fhome#!/,"boil water notice: news &amp; updates | latest news | blacksburg, va"
https://www.blacksburg.gov/home,https://www.blacksburg.gov/Home/Components/News/News/11200/304?arch=1&npage=16,"boil water notice: news &amp; updates | latest news | blacksburg, va"
https://www.blacksburg.gov/home,https://www.blacksburg.gov/Home/Components/News/News/11202/304?backlist=%2f,"boil water faqs | latest news | blacksburg, va"
https://www.blacksburg.gov/home,https://www.blacksburg.gov/Home/Components/News/News/11202/304#!/,boil water faqs
https://www.blacksburg.gov/home,https://www.blacksburg.gov/Home/Components/News/News/11202/304?fbclid=IwZXh0bgNhZW0CMTAAAR1GOxX6RFPRUZqA_qmObT6gxmgxq-HPAT7sUw17JWJT-auVSLGoGsZWl6U_aem_ZUbPIOfNGQ2YN2fLeSKeNQ#!/,"boil water faqs | latest news | blacksburg, va"
https://www.blacksburg.gov/home,https://www.blacksburg.gov/Home/Components/News/News/11202/304?fbclid=IwZXh0bgNhZW0CMTAAAR0r9VMHxJx79CPM1aOv4IW3-aF4qvFKfil4qKo4vIi81RgQqpsFlNo6Uvw_aem_kZ1vFuydJM0iHdKeSfvU_A#!/,"boil water faqs | latest news | blacksburg, va"
https://www.blacksburg.gov/home,https://www.blacksburg.gov/Home/Components/News/News/11202/304#!/,boil water faqs
https://www.blacksburg.gov/home,https://www.blacksburg.gov/Home/Components/News/News/11586/304?fbclid=IwZXh0bgNhZW0CMTAAAR0r9VMHxJx79CPM1aOv4IW3-aF4qvFKfil4qKo4vIi81RgQqpsFlNo6Uvw_aem_kZ1vFuydJM0iHdKeSfvU_A&arch=1&npage=7,"public service recognition week 2025: department spotlight | latest news | blacksburg, va"
https://www.blacksburg.gov/home,https://www.blacksburg.gov/Home/Components/News/News/11202/304?fbclid=IwZXh0bgNhZW0CMTAAAR0r9VMHxJx79CPM1aOv4IW3-aF4qvFKfil4qKo4vIi81RgQqpsFlNo6Uvw_aem_kZ1vFuydJM0iHdKeSfvU_A&arch=1&npage=16,"boil water faqs | latest news | blacksburg, va"
https://www.blacksburg.gov/home,https://www.blacksburg.gov/Home/Components/News/News/11244/304?fbclid=IwZXh0bgNhZW0CMTAAAR0r9VMHxJx79CPM1aOv4IW3-aF4qvFKfil4qKo4vIi81RgQqpsFlNo6Uvw_aem_kZ1vFuydJM0iHdKeSfvU_A&arch=1&npage=16,"boil water advisory lifted for town of blacksburg and virginia tech | latest news | blacksburg, va"
https://www.blacksburg.gov/home,https://www.blacksburg.gov/Home/Components/News/News/11200/304?fbclid=IwZXh0bgNhZW0CMTAAAR0r9VMHxJx79CPM1aOv4IW3-aF4qvFKfil4qKo4vIi81RgQqpsFlNo6Uvw_aem_kZ1vFuydJM0iHdKeSfvU_A&arch=1&npage=16,"boil water notice: news &amp; updates | latest news | blacksburg, va"
https://www.blacksburg.gov/home,https://www.blacksburg.gov/Home/Components/News/News/11202/304?fbclid=IwZXh0bgNhZW0CMTAAYnJpZBExbzZLRVVhM0hzR1dreUhsdgEeAu-amLyO4DfwlcKcmdylXYZH4iEytKUajwYq2qdlN303oN1g8R3oj7Uu3Lo_aem_h4sJ-7VmGnLfrJ5wgXl9Bg&arch=1&npage=16,"boil water faqs | latest news | blacksburg, va"
https://www.blacksburg.gov/home,https://www.blacksburg.gov/Home/Components/News/News/11244/304?fbclid=IwZXh0bgNhZW0CMTAAYnJpZBExbzZLRVVhM0hzR1dreUhsdgEeAu-amLyO4DfwlcKcmdylXYZH4iEytKUajwYq2qdlN303oN1g8R3oj7Uu3Lo_aem_h4sJ-7VmGnLfrJ5wgXl9Bg&arch=1&npage=16,"boil water advisory lifted for town of blacksburg and virginia tech | latest news | blacksburg, va"
https://www.blacksburg.gov/home,https://www.blacksburg.gov/Home/Components/News/News/11200/304?fbclid=IwZXh0bgNhZW0CMTAAYnJpZBExbzZLRVVhM0hzR1dreUhsdgEeAu-amLyO4DfwlcKcmdylXYZH4iEytKUajwYq2qdlN303oN1g8R3oj7Uu3Lo_aem_h4sJ-7VmGnLfrJ5wgXl9Bg&arch=1&npage=16,"boil water notice: news &amp; updates | latest news | blacksburg, va"
https://www.blacksburg.gov/home,https://www.blacksburg.gov/Home/Components/News/News/11586/304?fbclid=IwZXh0bgNhZW0CMTAAYnJpZBExbzZLRVVhM0hzR1dreUhsdgEeAu-amLyO4DfwlcKcmdylXYZH4iEytKUajwYq2qdlN303oN1g8R3oj7Uu3Lo_aem_h4sJ-7VmGnLfrJ5wgXl9Bg&arch=1&npage=7,"public service recognition week 2025: department spotlight | latest news | blacksburg, va"
https://www.blacksburg.gov/home,https://www.blacksburg.gov/Home/Components/News/News/11202/304?fbclid=IwZXh0bgNhZW0CMTAAAR1GOxX6RFPRUZqA_qmObT6gxmgxq-HPAT7sUw17JWJT-auVSLGoGsZWl6U_aem_ZUbPIOfNGQ2YN2fLeSKeNQ&arch=1&npage=16,"boil water faqs | latest news | blacksburg, va"
https://www.blacksburg.gov/home,https://www.blacksburg.gov/Home/Components/News/News/11244/304?fbclid=IwZXh0bgNhZW0CMTAAAR1GOxX6RFPRUZqA_qmObT6gxmgxq-HPAT7sUw17JWJT-auVSLGoGsZWl6U_aem_ZUbPIOfNGQ2YN2fLeSKeNQ&arch=1&npage=16,"boil water advisory lifted for town of blacksburg and virginia tech | latest news | blacksburg, va"
https://www.blacksburg.gov/home,https://www.blacksburg.gov/Home/Components/News/News/11200/304?fbclid=IwZXh0bgNhZW0CMTAAAR1GOxX6RFPRUZqA_qmObT6gxmgxq-HPAT7sUw17JWJT-auVSLGoGsZWl6U_aem_ZUbPIOfNGQ2YN2fLeSKeNQ&arch=1&npage=16,"boil water notice: news &amp; updates | latest news | blacksburg, va"
https://www.blacksburg.gov/home,https://www.blacksburg.gov/Home/Components/News/News/11586/304?fbclid=IwZXh0bgNhZW0CMTAAAR1GOxX6RFPRUZqA_qmObT6gxmgxq-HPAT7sUw17JWJT-auVSLGoGsZWl6U_aem_ZUbPIOfNGQ2YN2fLeSKeNQ&arch=1&npage=7,"public service recognition week 2025: department spotlight | latest news | blacksburg, va"
https://www.blacksburg.gov/home,https://www.blacksburg.gov/Home/Components/News/News/11586/304?fsiteid=1&arch=1&npage=7,"public service recognition week 2025: department spotlight | latest news | blacksburg, va"
https://www.blacksburg.gov/home,https://www.blacksburg.gov/Home/Components/News/News/11202/304?fsiteid=1&arch=1&npage=16,"boil water faqs | latest news | blacksburg, va"
https://www.blacksburg.gov/home,https://www.blacksburg.gov/Home/Components/News/News/11244/304?fsiteid=1&arch=1&npage=16,"boil water advisory lifted for town of blacksburg and virginia tech | latest news | blacksburg, va"
https://www.blacksburg.gov/home,https://www.blacksburg.gov/Home/Components/News/News/11200/304?fsiteid=1&arch=1&npage=16,"boil water notice: news &amp; updates | latest news | blacksburg, va"
seed_url,url,title
https://montva.com/homepage,https://montva.com/1/departments-services/water-sewer/boil-water-lifted,boil water lifted instructions
https://montva.com/homepage,https://montva.com/1/departments-services/water-sewer/boil-water-notice-faqs,boil water notice faqs
https://montva.com/homepage,https://montva.com/1/news/n/2024/09/30/new-river-valley-regional-water-authority-issues-boil-water-notice,10/11/24 - boil water advisory lifted for all areas in montgomery county
https://montva.com/homepage,https://montva.com/images/default-source/default-album/nrvrwa-boil-water-notice-info-102024.jpg?sfvrsn=e796bf51_0,nrvrwa-boil-water-notice-info-102024.jpg (940×788)
https://montva.com/homepage,https://montva.com/images/default-source/default-album/boil-water-notice-faqs.png?sfvrsn=1fe8d722_0,boil-water-notice-faqs.png (3375×3375)
https://montva.com/homepage,https://montva.com/images/default-source/default-album/nrvrwa-boil-water-notice-info-102024c19b5a9d0920438982d0a0b3ed809328.jpg?sfvrsn=68bb193c_0,nrvrwa-boil-water-notice-info-102024c19b5a9d0920438982d0a0b3ed809328.jpg (940×788)
https://montva.com/homepage,https://www.montva.com/1/departments-services/water-sewer/boil-water-lifted,boil water lifted instructions
https://montva.com/homepage,https://www.montva.com/1/departments-services/water-sewer/boil-water-notice-faqs,boil water notice faqs
seed_url,url,title
https://montva.com/homepage,https://montva.com/1/departments-services/water-sewer/boil-water-lifted,boil water lifted instructions
https://montva.com/homepage,https://montva.com/1/departments-services/water-sewer/boil-water-notice-faqs,boil water notice faqs
seed_url,url,title
http://www.boydcountyky.gov/,https://www.boydcountyky.gov/297/Hyper-Reach,"hyper-reach | boyd county, ky"
seed_url,url,title
https://breckinridgeky.com/,https://breckinridgeky.com/,"breckinridge county government – breckinridge county, ky | government, fiscal court"
seed_url,url,title
https://franklincounty.ky.gov/,https://franklincounty.ky.gov/farmdale-water-district-planned-water-outage-boil-advisory/,farmdale water district: planned water outage & boil advisory | franklin county
https://franklincounty.ky.gov/,https://franklincounty.ky.gov/newsfeed/page/74/?et_blog,newsfeed | franklin county
https://franklincounty.ky.gov/,https://franklincounty.ky.gov/farmdale-boil-water-advisory/,farmdale boil water advisory | franklin county
seed_url,url,title
https://fultoncounty.ky.gov/Pages/index.aspx,https://fultoncounty.ky.gov/Services/Pages/code-red.aspx,"code red - 
        
    fulton county"
seed_url,url,title
http://hopkinscounty.ky.gov/,https://hopkinscounty.ky.gov/index.php/news/216-are-you-registered-with-codered-learn-how,are you registered with codered? learn how
http://hopkinscounty.ky.gov/,https://hopkinscounty.ky.gov/index.php/news?start=168,news
seed_url,url,title
http://www.kentoncounty.org/,https://www.kentoncounty.org/m/faq?cat=15#question-74,frequently asked questions - civicplus.cms.faq
http://www.kentoncounty.org/,https://www.kentoncounty.org/m/faq?cat=15#question-73,frequently asked questions - civicplus.cms.faq
http://www.kentoncounty.org/,https://www.kentoncounty.org/m/faq?cat=15#question-72,frequently asked questions - civicplus.cms.faq
http://www.kentoncounty.org/,https://www.kentoncounty.org/m/faq?cat=15#question-71,frequently asked questions - civicplus.cms.faq
http://www.kentoncounty.org/,https://www.kentoncounty.org/m/FAQ,frequently asked questions - civicplus.cms.faq
http://www.kentoncounty.org/,https://www.kentoncounty.org/m/faq?cat=15#question-70,frequently asked questions - civicplus.cms.faq
http://www.kentoncounty.org/,https://www.kentoncounty.org/m/faq?cat=15#question-69,frequently asked questions - civicplus.cms.faq
http://www.kentoncounty.org/,https://www.kentoncounty.org/m/faq?cat=15#question-68,frequently asked questions - civicplus.cms.faq
http://www.kentoncounty.org/,https://www.kentoncounty.org/m/faq?cat=15#question-67,frequently asked questions - civicplus.cms.faq
http://www.kentoncounty.org/,https://www.kentoncounty.org/m/faq?cat=15#question-66,frequently asked questions - civicplus.cms.faq
http://www.kentoncounty.org/,https://www.kentoncounty.org/m/faq?cat=15#question-65,frequently asked questions - civicplus.cms.faq
http://www.kentoncounty.org/,https://www.kentoncounty.org/m/faq?cat=15#question-64,frequently asked questions - civicplus.cms.faq
http://www.kentoncounty.org/,https://www.kentoncounty.org/m/faq?cat=15#question-63,frequently asked questions - civicplus.cms.faq
http://www.kentoncounty.org/,https://www.kentoncounty.org/m/faq?cat=15#question-62,frequently asked questions - civicplus.cms.faq
http://www.kentoncounty.org/,https://www.kentoncounty.org/m/faq?cat=15,frequently asked questions - civicplus.cms.faq
